{"cameraMode":{"drawMode":0,"name":"Shaded","section":"Shading Mode"},"sceneLighting":true,"audioPlay":false,"sceneViewState":{"m_AlwaysRefresh":false,"showFog":true,"showSkybox":true,"showFlares":true,"showImageEffects":true,"showParticleSystems":true,"showVisualEffectGraphs":true,"m_FxEnabled":true},"in2DMode":false,"pivot":{"x":-0.17886251211166383,"y":1.3636221885681153,"z":-0.7190724015235901},"rotation":{"x":-0.12158586829900742,"y":0.8654199838638306,"z":-0.25383827090263369,"w":-0.41452792286872866},"size":11.469182014465332,"orthographic":false}